"player_id","perc_wins"
"146271",1
"132561",1
"126051",1
"163063",1
"168065",1
"299111",1
"178424",1
"324710",1
"308073",1
"317875",1
"303018",1
"556606",1
"293512",1
"172817",1
"327255",1
"318279",1
"397246",1
"582447",1
"293957",1
"310594",1
"306202",1
"310242",1
"182625",1
"302454",1
"351174",1
"343107",1
"439695",1
"439510",1
"336999",1
"525941",1
"410337",1
"320720",1
"316755",1
"313503",1
"389611",1
"374998",1
"405009",1
"387270",1
"442402",1
"546794",1
"321622",1
"341465",1
"341489",1
"305718",1
"314275",1
"355673",1
"511591",1
"525020",1
"403850",1
"401028",1
"388070",1
"565047",1
"616276",1
"750259",1
"608268",1
"374753",1
"307295",1
"370010",1
"403942",1
"409773",1
"506420",1
"331630",1
"383618",1
"436451",1
"597041",1
"429817",1
"541820",1
"547120",1
"616783",1
"747634",1
"618547",1
"430709",1
"441068",1
"392189",1
"376921",1
"394038",1
"540797",1
"411845",1
"595274",1
"637372",1
"679572",1
"567551",1
"564400",1
"700961",1
"630396",1
"793896",1
"623309",1
"589122",1
"749291",1
"610290",1
"631069",1
"821261",1
"714065",1
"745239",1
"115259",1
"137760",1
"166799",1
"177102",1
"337483",1
"144165",1
"200015",1
"154437",1
"324829",1
"168336",1
"174754",1
"188241",1
"292114",1
"444850",1
"171224",1
"387972",1
"186958",1
"175721",1
"346555",1
"352573",1
"422859",1
"301974",1
"308919",1
"372387",1
"355513",1
"376463",1
"534970",1
"435972",1
"509540",1
"527564",1
"292443",1
"184979",1
"377655",1
"421675",1
"434038",1
"455446",1
"464560",1
"332840",1
"321991",1
"586082",1
"658071",1
"291819",1
"321758",1
"318069",1
"361585",1
"352481",1
"458939",1
"516144",1
"622332",1
"583117",1
"339544",1
"315875",1
"401299",1
"430184",1
"392725",1
"361134",1
"458582",1
"354105",1
"464503",1
"551313",1
"745088",1
"647478",1
"332467",1
"330803",1
"337360",1
"455014",1
"392746",1
"535946",1
"577163",1
"577505",1
"582647",1
"589019",1
"637491",1
"613379",1
"582823",1
"303687",1
"466923",1
"374297",1
"527047",1
"442811",1
"536460",1
"434393",1
"527849",1
"544734",1
"567780",1
"586784",1
"587274",1
"619311",1
"541500",1
"614903",1
"431476",1
"322795",1
"403110",1
"366885",1
"329634",1
"412979",1
"358657",1
"520229",1
"383914",1
"542329",1
"439461",1
"518717",1
"584599",1
"653691",1
"617418",1
"621747",1
"615494",1
"460475",1
"652912",1
"622070",1
"633359",1
"615123",1
"631097",1
"728818",1
"345720",0.875
"374427",0.875
"177363",0.857142857142857
"749306",0.857142857142857
"793827",0.857142857142857
"374835",0.846153846153846
"341959",0.846153846153846
"151291",0.833333333333333
"341557",0.833333333333333
"305973",0.833333333333333
"460473",0.833333333333333
"436545",0.833333333333333
"554744",0.833333333333333
"329524",0.823529411764706
"307772",0.818181818181818
"440261",0.818181818181818
"144612",0.8
"145958",0.8
"180290",0.8
"171686",0.8
"159161",0.8
"186825",0.8
"446185",0.8
"401366",0.8
"526365",0.8
"377856",0.8
"542309",0.8
"379731",0.8
"419230",0.8
"541297",0.8
"716645",0.8
"689146",0.8
"177957",0.777777777777778
"444618",0.777777777777778
"346833",0.777777777777778
"351920",0.777777777777778
"631809",0.777777777777778
"174997",0.769230769230769
"444950",0.769230769230769
"396433",0.766666666666667
"340240",0.764705882352941
"816849",0.764705882352941
"303403",0.761904761904762
"324491",0.76
"308661",0.75
"176772",0.75
"172554",0.75
"176981",0.75
"146379",0.75
"173081",0.75
"179796",0.75
"175018",0.75
"337122",0.75
"299161",0.75
"303459",0.75
"178381",0.75
"307797",0.75
"293385",0.75
"307741",0.75
"330413",0.75
"367141",0.75
"354248",0.75
"318658",0.75
"419243",0.75
"509619",0.75
"554079",0.75
"559160",0.75
"543707",0.75
"646081",0.75
"441011",0.75
"310646",0.75
"446018",0.75
"537951",0.75
"589108",0.75
"629935",0.75
"779019",0.75
"621114",0.75
"630093",0.75
"716623",0.75
"646521",0.75
"816320",0.75
"816895",0.75
"819942",0.75
"565212",0.75
"715373",0.75
"519385",0.736842105263158
"184221",0.727272727272727
"181632",0.727272727272727
"294598",0.727272727272727
"347222",0.727272727272727
"318036",0.714285714285714
"176854",0.714285714285714
"316470",0.714285714285714
"320961",0.714285714285714
"307767",0.714285714285714
"305419",0.714285714285714
"371634",0.714285714285714
"321820",0.714285714285714
"502875",0.714285714285714
"650186",0.714285714285714
"609350",0.714285714285714
"777158",0.705882352941177
"779030",0.705882352941177
"463027",0.7
"457301",0.7
"459702",0.7
"507398",0.7
"586226",0.7
"778033",0.7
"141209",0.696969696969697
"159343",0.692307692307692
"504612",0.692307692307692
"341055",0.692307692307692
"371631",0.692307692307692
"511220",0.689655172413793
"150305",0.684210526315789
"175729",0.684210526315789
"540533",0.684210526315789
"793428",0.681818181818182
"316640",0.67741935483871
"124316",0.666666666666667
"145528",0.666666666666667
"129439",0.666666666666667
"141341",0.666666666666667
"143885",0.666666666666667
"160810",0.666666666666667
"172236",0.666666666666667
"146818",0.666666666666667
"155518",0.666666666666667
"172918",0.666666666666667
"151033",0.666666666666667
"189027",0.666666666666667
"145815",0.666666666666667
"291429",0.666666666666667
"166124",0.666666666666667
"179928",0.666666666666667
"184704",0.666666666666667
"184087",0.666666666666667
"293506",0.666666666666667
"291269",0.666666666666667
"373518",0.666666666666667
"422347",0.666666666666667
"360443",0.666666666666667
"296240",0.666666666666667
"308754",0.666666666666667
"301156",0.666666666666667
"433923",0.666666666666667
"180181",0.666666666666667
"345823",0.666666666666667
"313131",0.666666666666667
"356684",0.666666666666667
"317913",0.666666666666667
"169876",0.666666666666667
"339259",0.666666666666667
"337327",0.666666666666667
"438951",0.666666666666667
"354129",0.666666666666667
"462332",0.666666666666667
"516941",0.666666666666667
"439870",0.666666666666667
"461774",0.666666666666667
"316752",0.666666666666667
"359496",0.666666666666667
"380762",0.666666666666667
"540031",0.666666666666667
"381191",0.666666666666667
"523730",0.666666666666667
"293515",0.666666666666667
"341672",0.666666666666667
"291534",0.666666666666667
"308733",0.666666666666667
"376601",0.666666666666667
"404815",0.666666666666667
"431096",0.666666666666667
"459988",0.666666666666667
"430039",0.666666666666667
"339273",0.666666666666667
"650837",0.666666666666667
"462152",0.666666666666667
"581782",0.666666666666667
"188511",0.666666666666667
"351207",0.666666666666667
"347014",0.666666666666667
"387534",0.666666666666667
"442409",0.666666666666667
"599516",0.666666666666667
"370013",0.666666666666667
"324493",0.666666666666667
"338365",0.666666666666667
"341132",0.666666666666667
"407221",0.666666666666667
"437380",0.666666666666667
"555571",0.666666666666667
"559140",0.666666666666667
"558959",0.666666666666667
"606805",0.666666666666667
"509264",0.666666666666667
"326861",0.666666666666667
"411984",0.666666666666667
"320868",0.666666666666667
"370555",0.666666666666667
"424790",0.666666666666667
"438850",0.666666666666667
"623615",0.666666666666667
"539022",0.666666666666667
"524492",0.666666666666667
"552012",0.666666666666667
"553262",0.666666666666667
"446015",0.666666666666667
"460005",0.666666666666667
"599658",0.666666666666667
"750266",0.666666666666667
"612137",0.666666666666667
"551111",0.666666666666667
"591677",0.666666666666667
"547043",0.666666666666667
"700917",0.666666666666667
"613895",0.666666666666667
"542573",0.666666666666667
"181824",0.666666666666667
"190231",0.666666666666667
"308143",0.666666666666667
"501383",0.666666666666667
"559119",0.666666666666667
"415367",0.666666666666667
"609797",0.666666666666667
"305735",0.658536585365854
"145244",0.657142857142857
"398368",0.655172413793103
"168982",0.654545454545455
"155541",0.651685393258427
"610239",0.65
"632759",0.65
"310312",0.648648648648649
"175223",0.647058823529412
"293695",0.647058823529412
"190431",0.647058823529412
"178402",0.647058823529412
"542398",0.645161290322581
"155743",0.642857142857143
"167070",0.642857142857143
"156194",0.642857142857143
"178044",0.642857142857143
"178965",0.642857142857143
"308887",0.642857142857143
"312462",0.642857142857143
"528449",0.642857142857143
"351540",0.642857142857143
"546383",0.642857142857143
"540981",0.642857142857143
"522895",0.642857142857143
"699299",0.642857142857143
"694075",0.641509433962264
"155193",0.641025641025641
"160686",0.640625
"185839",0.64
"332817",0.64
"170159",0.636363636363636
"188494",0.636363636363636
"445541",0.636363636363636
"316765",0.636363636363636
"562534",0.636363636363636
"347952",0.636363636363636
"652450",0.636363636363636
"135462",0.633333333333333
"166042",0.631578947368421
"167214",0.631578947368421
"178231",0.631578947368421
"327945",0.631578947368421
"646505",0.631578947368421
"548981",0.62962962962963
"581767",0.627906976744186
"137073",0.625
"176714",0.625
"305360",0.625
"188472",0.625
"179382",0.625
"339250",0.625
"308418",0.625
"326522",0.625
"360921",0.625
"421665",0.625
"337332",0.625
"550946",0.625
"522632",0.625
"440927",0.625
"652687",0.625
"445308",0.625
"420299",0.625
"751424",0.625
"643996",0.625
"599806",0.625
"165439",0.621621621621622
"138321",0.620689655172414
"337894",0.62
"340736",0.619718309859155
"178365",0.619047619047619
"757330",0.619047619047619
"328835",0.618181818181818
"189299",0.617647058823529
"793449",0.617647058823529
"183311",0.615384615384615
"171945",0.615384615384615
"366093",0.615384615384615
"342628",0.615384615384615
"318691",0.615384615384615
"819017",0.615384615384615
"816190",0.615384615384615
"355362",0.613636363636364
"183381",0.611111111111111
"749143",0.611111111111111
"319832",0.610169491525424
"291855",0.609375
"727270",0.608695652173913
"459915",0.607843137254902
"160606",0.607142857142857
"183844",0.607142857142857
"146284",0.605263157894737
"160251",0.605263157894737
"728790",0.604938271604938
"291982",0.604166666666667
"167769",0.60377358490566
"138908",0.603448275862069
"127738",0.6
"184819",0.6
"154969",0.6
"186722",0.6
"157797",0.6
"177802",0.6
"301503",0.6
"175445",0.6
"170488",0.6
"308527",0.6
"323819",0.6
"327384",0.6
"296640",0.6
"308068",0.6
"316364",0.6
"184967",0.6
"404870",0.6
"345043",0.6
"349177",0.6
"387443",0.6
"418267",0.6
"600270",0.6
"308883",0.6
"322398",0.6
"299686",0.6
"185467",0.6
"335878",0.6
"541831",0.6
"553597",0.6
"364092",0.6
"393448",0.6
"542286",0.6
"308876",0.6
"343999",0.6
"350039",0.6
"308434",0.6
"444943",0.6
"394764",0.6
"335303",0.6
"372434",0.6
"542127",0.6
"353400",0.6
"409409",0.6
"451459",0.6
"630172",0.6
"465944",0.6
"674772",0.6
"353985",0.6
"554575",0.6
"456114",0.6
"617771",0.6
"633285",0.6
"656734",0.6
"655804",0.6
"303237",0.596491228070175
"150642",0.59375
"130372",0.59375
"183876",0.592592592592593
"500615",0.592592592592593
"550753",0.592592592592593
"122631",0.591836734693878
"133094",0.590909090909091
"173357",0.590909090909091
"432392",0.590909090909091
"419569",0.590909090909091
"293384",0.589041095890411
"163448",0.588235294117647
"167111",0.588235294117647
"310627",0.588235294117647
"377697",0.588235294117647
"582048",0.588235294117647
"450033",0.588235294117647
"729333",0.588235294117647
"526215",0.588235294117647
"139091",0.586206896551724
"118442",0.586206896551724
"183094",0.586206896551724
"517552",0.585858585858586
"160357",0.585365853658537
"334195",0.585365853658537
"445012",0.585365853658537
"156034",0.584269662921348
"521936",0.584269662921348
"144603",0.583333333333333
"140841",0.583333333333333
"180213",0.583333333333333
"174755",0.583333333333333
"170011",0.583333333333333
"177083",0.583333333333333
"291997",0.583333333333333
"510342",0.583333333333333
"337178",0.583333333333333
"309584",0.583333333333333
"529621",0.583333333333333
"293529",0.583333333333333
"345876",0.583333333333333
"360598",0.583333333333333
"310101",0.583333333333333
"533246",0.583333333333333
"554797",0.583333333333333
"307273",0.582278481012658
"131212",0.582089552238806
"293033",0.581395348837209
"293180",0.581395348837209
"154208",0.580645161290323
"176915",0.580645161290323
"304816",0.580645161290323
"294382",0.580152671755725
"184685",0.58
"186564",0.579710144927536
"150801",0.579310344827586
"160735",0.578947368421053
"175754",0.578947368421053
"162278",0.578947368421053
"176417",0.578947368421053
"363229",0.578947368421053
"584170",0.578947368421053
"647148",0.578947368421053
"691605",0.578947368421053
"817259",0.578947368421053
"453172",0.577777777777778
"317780",0.576923076923077
"370866",0.576923076923077
"793604",0.575757575757576
"373841",0.575342465753425
"356389",0.575
"756284",0.574074074074074
"292175",0.573529411764706
"182609",0.572916666666667
"291780",0.572327044025157
"138383",0.571428571428571
"152825",0.571428571428571
"163518",0.571428571428571
"308416",0.571428571428571
"293422",0.571428571428571
"145220",0.571428571428571
"150105",0.571428571428571
"299760",0.571428571428571
"175422",0.571428571428571
"166249",0.571428571428571
"317022",0.571428571428571
"295587",0.571428571428571
"326569",0.571428571428571
"415027",0.571428571428571
"177362",0.571428571428571
"168995",0.571428571428571
"311358",0.571428571428571
"318082",0.571428571428571
"374244",0.571428571428571
"304293",0.571428571428571
"374851",0.571428571428571
"317379",0.571428571428571
"328813",0.571428571428571
"307085",0.571428571428571
"371257",0.571428571428571
"441866",0.571428571428571
"330660",0.571428571428571
"340286",0.571428571428571
"447798",0.571428571428571
"610031",0.571428571428571
"346588",0.571428571428571
"398393",0.571428571428571
"373724",0.571428571428571
"509926",0.571428571428571
"548987",0.571428571428571
"549415",0.571428571428571
"352216",0.571428571428571
"646848",0.571428571428571
"533568",0.571428571428571
"820600",0.571428571428571
"703434",0.571428571428571
"802129",0.571428571428571
"819421",0.571428571428571
"749161",0.571428571428571
"174194",0.569767441860465
"338491",0.568965517241379
"143841",0.568627450980392
"339275",0.568627450980392
"580701",0.568627450980392
"159341",0.567567567567568
"156045",0.567567567567568
"522234",0.567567567567568
"303922",0.566929133858268
"187314",0.566666666666667
"168766",0.566666666666667
"317697",0.566666666666667
"315023",0.566666666666667
"542178",0.566666666666667
"460476",0.566666666666667
"126367",0.565217391304348
"141158",0.565217391304348
"159238",0.565217391304348
"164709",0.565217391304348
"151104",0.565217391304348
"188941",0.565217391304348
"383084",0.565217391304348
"646884",0.565217391304348
"296349",0.564102564102564
"363926",0.564102564102564
"130014",0.56390977443609
"150201",0.563829787234043
"156325",0.563636363636364
"186413",0.563636363636364
"155330",0.563106796116505
"355990",0.563025210084034
"182631",0.5625
"136911",0.5625
"139461",0.5625
"179465",0.5625
"293172",0.5625
"299026",0.5625
"322930",0.5625
"313582",0.5625
"311122",0.5625
"623588",0.5625
"307037",0.5625
"794197",0.5625
"522406",0.5625
"819046",0.5625
"630170",0.561797752808989
"171975",0.56140350877193
"170540",0.561224489795918
"137403",0.560975609756098
"293428",0.560975609756098
"294712",0.560975609756098
"188230",0.56
"317827",0.56
"529172",0.56
"414486",0.56
"175560",0.55952380952381
"141516",0.559440559440559
"352625",0.558823529411765
"410091",0.558823529411765
"150151",0.558620689655172
"184833",0.558620689655172
"336832",0.558441558441558
"143465",0.558333333333333
"598963",0.557377049180328
"353262",0.557251908396947
"301087",0.556603773584906
"123823",0.555555555555556
"156511",0.555555555555556
"135687",0.555555555555556
"169000",0.555555555555556
"173797",0.555555555555556
"158711",0.555555555555556
"165939",0.555555555555556
"165971",0.555555555555556
"184363",0.555555555555556
"320857",0.555555555555556
"357424",0.555555555555556
"169940",0.555555555555556
"182944",0.555555555555556
"174602",0.555555555555556
"173650",0.555555555555556
"322380",0.555555555555556
"347193",0.555555555555556
"351849",0.555555555555556
"183914",0.555555555555556
"296566",0.555555555555556
"406069",0.555555555555556
"448892",0.555555555555556
"614961",0.555555555555556
"433313",0.555555555555556
"523698",0.555555555555556
"545248",0.555555555555556
"327121",0.555555555555556
"294785",0.555555555555556
"321841",0.555555555555556
"398354",0.555555555555556
"420161",0.555555555555556
"522973",0.555555555555556
"371066",0.555555555555556
"508369",0.555555555555556
"347608",0.555555555555556
"616219",0.555555555555556
"793585",0.555555555555556
"565482",0.555555555555556
"610066",0.555555555555556
"539681",0.555555555555556
"647336",0.555555555555556
"794583",0.555555555555556
"699807",0.555555555555556
"546294",0.554347826086957
"165830",0.553398058252427
"354299",0.553398058252427
"339155",0.553333333333333
"431525",0.553191489361702
"146817",0.552631578947368
"308427",0.552631578947368
"446408",0.552631578947368
"349171",0.552631578947368
"348257",0.552238805970149
"149578",0.551724137931034
"610318",0.551724137931034
"459687",0.551724137931034
"706844",0.551724137931034
"505058",0.551282051282051
"179811",0.55
"293188",0.55
"317384",0.55
"361960",0.55
"442170",0.55
"353824",0.55
"535518",0.55
"538942",0.55
"540905",0.55
"305723",0.54954954954955
"172292",0.549019607843137
"375634",0.548717948717949
"502008",0.548387096774194
"329015",0.548387096774194
"593809",0.548387096774194
"633582",0.548387096774194
"793834",0.548387096774194
"175475",0.547770700636943
"178875",0.547738693467337
"432391",0.547619047619048
"511616",0.547619047619048
"691587",0.547619047619048
"732955",0.547619047619048
"292428",0.547528517110266
"178704",0.546218487394958
"389307",0.546099290780142
"184307",0.545945945945946
"168008",0.545893719806763
"127754",0.545454545454545
"164974",0.545454545454545
"159419",0.545454545454545
"176908",0.545454545454545
"299208",0.545454545454545
"315345",0.545454545454545
"191433",0.545454545454545
"443904",0.545454545454545
"374319",0.545454545454545
"319850",0.545454545454545
"413352",0.545454545454545
"339292",0.545454545454545
"423224",0.545454545454545
"513472",0.545454545454545
"613238",0.545454545454545
"410804",0.545454545454545
"428831",0.545454545454545
"541294",0.545454545454545
"462610",0.545454545454545
"584422",0.545454545454545
"567849",0.545454545454545
"539272",0.545454545454545
"656191",0.545454545454545
"724385",0.545454545454545
"181803",0.544827586206897
"182423",0.544554455445545
"693055",0.544117647058823
"186140",0.54375
"420080",0.543689320388349
"701161",0.543478260869565
"306149",0.54320987654321
"409873",0.54320987654321
"352647",0.54320987654321
"158204",0.542857142857143
"403320",0.542857142857143
"612628",0.542857142857143
"313755",0.542168674698795
"183975",0.541666666666667
"303256",0.541666666666667
"372902",0.541666666666667
"520239",0.541666666666667
"554821",0.541666666666667
"699171",0.541666666666667
"179832",0.541095890410959
"177770",0.540650406504065
"402208",0.540540540540541
"354387",0.540229885057471
"299481",0.54
"172123",0.539823008849557
"172411",0.539568345323741
"137377",0.5390625
"186450",0.538888888888889
"296330",0.538461538461538
"181827",0.538461538461538
"293383",0.538461538461538
"188170",0.538461538461538
"311313",0.538461538461538
"353511",0.538461538461538
"184395",0.538461538461538
"308525",0.538461538461538
"504064",0.538461538461538
"421719",0.538461538461538
"291758",0.538461538461538
"565462",0.538461538461538
"448024",0.538461538461538
"374486",0.538461538461538
"693536",0.538461538461538
"731518",0.538461538461538
"793760",0.538461538461538
"172189",0.538095238095238
"302192",0.537974683544304
"291843",0.53781512605042
"339876",0.537777777777778
"150549",0.537037037037037
"299142",0.537037037037037
"348537",0.537037037037037
"395471",0.537037037037037
"631735",0.537037037037037
"170272",0.536945812807882
"136752",0.536764705882353
"358808",0.536585365853659
"307366",0.536423841059603
"291542",0.535714285714286
"321453",0.535714285714286
"317763",0.535714285714286
"182246",0.535353535353535
"299878",0.534883720930233
"170095",0.53448275862069
"315637",0.533980582524272
"296645",0.533333333333333
"182380",0.533333333333333
"138048",0.533333333333333
"145298",0.533333333333333
"155426",0.533333333333333
"151005",0.533333333333333
"307508",0.533333333333333
"172342",0.533333333333333
"354183",0.533333333333333
"168092",0.533333333333333
"338777",0.533333333333333
"316689",0.533333333333333
"385655",0.533333333333333
"553046",0.533333333333333
"348899",0.533333333333333
"582781",0.533333333333333
"465539",0.533333333333333
"350148",0.533333333333333
"633725",0.533333333333333
"507566",0.532710280373832
"174348",0.532467532467532
"158893",0.532258064516129
"302774",0.531914893617021
"138932",0.531645569620253
"553190",0.531645569620253
"412394",0.53125
"343349",0.53125
"554444",0.53125
"174223",0.530973451327434
"355960",0.530612244897959
"149237",0.529411764705882
"174941",0.529411764705882
"172110",0.529411764705882
"178962",0.529411764705882
"160028",0.529411764705882
"311027",0.529411764705882
"335342",0.529411764705882
"540274",0.529411764705882
"183840",0.529411764705882
"699115",0.529411764705882
"613609",0.529411764705882
"419705",0.529411764705882
"541169",0.529411764705882
"514346",0.529411764705882
"646613",0.529411764705882
"140053",0.528925619834711
"155840",0.528795811518325
"165198",0.528089887640449
"134212",0.527777777777778
"325020",0.527777777777778
"554630",0.527777777777778
"540186",0.527777777777778
"151437",0.527638190954774
"312950",0.527522935779816
"167958",0.527272727272727
"316729",0.527272727272727
"320930",0.527027027027027
"431054",0.527027027027027
"147010",0.526315789473684
"161940",0.526315789473684
"173180",0.526315789473684
"298595",0.526315789473684
"189999",0.526315789473684
"318493",0.526315789473684
"463599",0.526315789473684
"587391",0.526315789473684
"402413",0.526315789473684
"522233",0.526315789473684
"591665",0.526315789473684
"691597",0.526315789473684
"538843",0.526315789473684
"714924",0.526315789473684
"189822",0.526041666666667
"526369",0.525641025641026
"387400",0.525641025641026
"170077",0.525423728813559
"411198",0.525423728813559
"343235",0.525423728813559
"183977",0.525179856115108
"312663",0.525
"340218",0.525
"691654",0.524752475247525
"335611",0.524475524475524
"459744",0.524390243902439
"293440",0.524096385542169
"173760",0.523809523809524
"181190",0.523809523809524
"323597",0.523809523809524
"536862",0.523809523809524
"691581",0.523809523809524
"295548",0.5234375
"339900",0.5234375
"178684",0.523076923076923
"358318",0.523076923076923
"646477",0.523076923076923
"161656",0.522935779816514
"622272",0.522727272727273
"383527",0.522388059701492
"383384",0.522222222222222
"147495",0.521739130434783
"146475",0.521739130434783
"170085",0.521739130434783
"176375",0.521739130434783
"385767",0.521739130434783
"183189",0.521739130434783
"310596",0.521739130434783
"305535",0.521739130434783
"355149",0.521739130434783
"427979",0.521739130434783
"321011",0.521739130434783
"430895",0.521739130434783
"191616",0.52112676056338
"307245",0.520833333333333
"454737",0.520833333333333
"142720",0.520661157024793
"137705",0.52046783625731
"163939",0.520325203252033
"126273",0.52
"173290",0.52
"165544",0.52
"292205",0.52
"307735",0.52
"174372",0.52
"559812",0.52
"402984",0.52
"429853",0.52
"541232",0.519480519480519
"460683",0.519083969465649
"157280",0.518987341772152
"307317",0.518691588785047
"348138",0.518518518518518
"408944",0.518518518518518
"567698",0.518518518518518
"379462",0.517985611510791
"177152",0.517241379310345
"293170",0.517241379310345
"185297",0.517241379310345
"557878",0.517241379310345
"544426",0.517241379310345
"387195",0.517241379310345
"293393",0.517073170731707
"412852",0.516949152542373
"534667",0.51685393258427
"182717",0.516778523489933
"161269",0.516666666666667
"553524",0.516666666666667
"337261",0.516279069767442
"168441",0.516129032258065
"306822",0.516129032258065
"392562",0.516129032258065
"509667",0.516129032258065
"507527",0.516129032258065
"693970",0.516129032258065
"161941",0.515789473684211
"177749",0.515789473684211
"162897",0.515625
"346636",0.515625
"169939",0.515384615384615
"162467",0.515151515151515
"315696",0.515151515151515
"318563",0.515151515151515
"388084",0.515151515151515
"793676",0.515151515151515
"298642",0.514792899408284
"149233",0.514285714285714
"159190",0.514285714285714
"545434",0.514285714285714
"322748",0.514124293785311
"185012",0.514018691588785
"318309",0.513761467889908
"171788",0.513725490196078
"130166",0.513513513513513
"137518",0.513513513513513
"161039",0.513513513513513
"165322",0.513513513513513
"178486",0.513513513513513
"324805",0.513513513513513
"430883",0.513513513513513
"600636",0.513513513513513
"632758",0.513513513513513
"328680",0.513157894736842
"170144",0.512820512820513
"331937",0.512727272727273
"307134",0.512605042016807
"541788",0.5125
"346046",0.512396694214876
"179486",0.51219512195122
"184273",0.51219512195122
"338625",0.51219512195122
"541574",0.51219512195122
"295792",0.512
"180622",0.511904761904762
"172996",0.511811023622047
"179100",0.511627906976744
"389034",0.511627906976744
"175242",0.511363636363636
"318143",0.511111111111111
"188231",0.511111111111111
"565602",0.511111111111111
"150731",0.510869565217391
"175513",0.51063829787234
"554138",0.51063829787234
"559270",0.51063829787234
"429638",0.510416666666667
"137644",0.510344827586207
"408134",0.510204081632653
"648335",0.510204081632653
"314357",0.509803921568627
"713866",0.509803921568627
"155703",0.509433962264151
"306019",0.509433962264151
"346745",0.509345794392523
"306616",0.509174311926605
"122995",0.509090909090909
"340115",0.509090909090909
"308495",0.508928571428571
"172404",0.508771929824561
"372403",0.508474576271186
"120815",0.508333333333333
"117336",0.507936507936508
"723593",0.507692307692308
"174360",0.507246376811594
"316645",0.507246376811594
"177071",0.506849315068493
"308376",0.506666666666667
"321574",0.506493506493506
"161625",0.506329113924051
"291708",0.506329113924051
"186870",0.506329113924051
"163885",0.505882352941176
"303545",0.505882352941176
"646668",0.505882352941176
"307285",0.505747126436782
"173551",0.505494505494505
"129292",0.505050505050505
"148994",0.504761904761905
"155991",0.504587155963303
"335312",0.504424778761062
"337830",0.504132231404959
"172408",0.504065040650406
"175411",0.503597122302158
"176729",0.503311258278146
"304434",0.503067484662577
"190389",0.502793296089385
"308405",0.502732240437158
"184364",0.502283105022831
"165065",0.50210970464135
"320839",0.501915708812261
"166061",0.501730103806228
"169050",0.501466275659824
"125101",0.5
"131482",0.5
"135494",0.5
"127005",0.5
"161253",0.5
"152788",0.5
"147062",0.5
"120743",0.5
"143977",0.5
"156659",0.5
"164019",0.5
"165264",0.5
"137283",0.5
"162393",0.5
"159747",0.5
"172028",0.5
"150943",0.5
"150963",0.5
"159483",0.5
"150855",0.5
"154766",0.5
"164237",0.5
"171936",0.5
"166725",0.5
"171998",0.5
"158615",0.5
"166131",0.5
"181172",0.5
"177606",0.5
"186135",0.5
"308413",0.5
"291738",0.5
"294407",0.5
"144802",0.5
"146581",0.5
"164801",0.5
"160650",0.5
"171547",0.5
"177099",0.5
"178500",0.5
"157270",0.5
"300886",0.5
"184316",0.5
"331842",0.5
"376073",0.5
"316748",0.5
"345678",0.5
"182621",0.5
"182550",0.5
"186547",0.5
"163429",0.5
"295791",0.5
"169274",0.5
"337508",0.5
"320984",0.5
"333564",0.5
"188990",0.5
"317445",0.5
"337210",0.5
"376586",0.5
"331915",0.5
"170277",0.5
"166989",0.5
"189046",0.5
"156184",0.5
"175309",0.5
"292517",0.5
"295559",0.5
"172183",0.5
"292740",0.5
"298121",0.5
"334490",0.5
"420130",0.5
"176350",0.5
"291609",0.5
"291543",0.5
"180284",0.5
"295789",0.5
"187601",0.5
"172513",0.5
"175913",0.5
"299925",0.5
"337823",0.5
"315101",0.5
"316068",0.5
"434440",0.5
"346196",0.5
"434738",0.5
"391019",0.5
"524647",0.5
"298664",0.5
"293010",0.5
"183874",0.5
"298761",0.5
"359493",0.5
"304285",0.5
"298884",0.5
"384984",0.5
"524291",0.5
"297016",0.5
"295769",0.5
"184894",0.5
"187561",0.5
"172853",0.5
"311794",0.5
"188960",0.5
"315945",0.5
"337413",0.5
"371689",0.5
"311146",0.5
"345455",0.5
"314842",0.5
"350899",0.5
"365352",0.5
"378019",0.5
"378203",0.5
"432298",0.5
"517052",0.5
"387530",0.5
"526048",0.5
"528447",0.5
"534284",0.5
"586449",0.5
"188158",0.5
"178280",0.5
"188327",0.5
"295884",0.5
"298748",0.5
"319430",0.5
"291468",0.5
"340620",0.5
"303246",0.5
"295845",0.5
"309723",0.5
"191513",0.5
"421778",0.5
"395968",0.5
"377355",0.5
"365346",0.5
"341594",0.5
"355387",0.5
"445329",0.5
"415232",0.5
"447205",0.5
"544981",0.5
"441092",0.5
"374251",0.5
"431814",0.5
"587745",0.5
"186104",0.5
"322810",0.5
"316628",0.5
"293092",0.5
"326491",0.5
"413841",0.5
"384435",0.5
"441648",0.5
"518160",0.5
"463839",0.5
"541293",0.5
"539292",0.5
"463127",0.5
"540357",0.5
"542822",0.5
"555280",0.5
"613654",0.5
"630099",0.5
"583842",0.5
"590905",0.5
"317006",0.5
"370556",0.5
"374375",0.5
"328399",0.5
"377015",0.5
"378661",0.5
"384591",0.5
"387313",0.5
"331248",0.5
"429655",0.5
"401046",0.5
"633531",0.5
"461356",0.5
"548748",0.5
"567979",0.5
"613894",0.5
"502133",0.5
"589642",0.5
"541501",0.5
"558228",0.5
"644827",0.5
"620577",0.5
"591044",0.5
"186144",0.5
"315099",0.5
"325678",0.5
"316481",0.5
"343787",0.5
"313937",0.5
"540980",0.5
"542126",0.5
"344955",0.5
"541523",0.5
"540090",0.5
"674105",0.5
"427213",0.5
"537477",0.5
"692784",0.5
"522260",0.5
"584561",0.5
"613444",0.5
"727672",0.5
"533422",0.5
"544642",0.5
"779674",0.5
"760744",0.5
"295880",0.5
"331239",0.5
"424415",0.5
"312881",0.5
"305977",0.5
"459941",0.5
"368163",0.5
"353336",0.5
"459864",0.5
"312847",0.5
"407956",0.5
"337828",0.5
"412971",0.5
"553784",0.5
"526817",0.5
"610454",0.5
"633162",0.5
"444827",0.5
"503120",0.5
"505134",0.5
"463502",0.5
"607266",0.5
"621119",0.5
"757386",0.5
"540999",0.5
"621745",0.5
"816755",0.5
"621854",0.5
"392748",0.5
"446260",0.5
"313418",0.5
"335362",0.5
"393463",0.5
"432122",0.5
"385424",0.5
"554907",0.5
"567614",0.5
"565329",0.5
"595891",0.5
"633430",0.5
"552728",0.5
"647446",0.5
"672088",0.5
"674254",0.5
"521902",0.5
"714251",0.5
"588107",0.5
"532185",0.5
"584425",0.5
"775783",0.5
"568345",0.5
"723924",0.5
"756654",0.5
"536065",0.5
"683481",0.5
"819088",0.5
"819855",0.5
"815856",0.5
"826582",0.5
"821213",0.5
"645961",0.5
"707119",0.5
"701189",0.5
"730647",0.5
"703363",0.5
"777165",0.5
"777969",0.5
"309644",0.5
"310080",0.5
"293655",0.5
"318248",0.5
"502060",0.5
"457985",0.5
"431106",0.5
"610193",0.5
"548983",0.5
"387187",0.5
"355781",0.5
"432199",0.5
"599519",0.5
"603057",0.5
"433797",0.5
"330478",0.5
"425933",0.5
"421531",0.5
"647413",0.5
"827151",0.5
"177444",0.498194945848375
"167509",0.497716894977169
"159607",0.497326203208556
"292592",0.497109826589595
"384124",0.496932515337423
"180083",0.496503496503497
"300394",0.496062992125984
"307979",0.495867768595041
"177588",0.495798319327731
"291540",0.495495495495495
"339242",0.495495495495495
"137978",0.495049504950495
"312015",0.495
"376734",0.495
"177885",0.494897959183673
"184600",0.494736842105263
"179974",0.494252873563218
"380655",0.494252873563218
"189538",0.494117647058824
"339258",0.494047619047619
"318682",0.493975903614458
"402375",0.493975903614458
"173861",0.493827160493827
"308980",0.49375
"172576",0.493670886075949
"292357",0.493670886075949
"352037",0.493670886075949
"298660",0.493589743589744
"420184",0.493506493506494
"151708",0.493333333333333
"297441",0.493333333333333
"152138",0.493243243243243
"595193",0.493055555555556
"155605",0.492957746478873
"185339",0.492753623188406
"337242",0.492753623188406
"175320",0.491978609625668
"295821",0.491978609625668
"166491",0.491803278688525
"399284",0.491525423728814
"154144",0.490909090909091
"184174",0.490909090909091
"402681",0.49079754601227
"165831",0.490566037735849
"175065",0.490445859872611
"291732",0.490384615384615
"291317",0.490196078431373
"775569",0.490196078431373
"432491",0.49
"429437",0.489795918367347
"413284",0.489795918367347
"161745",0.489655172413793
"347809",0.48951048951049
"139094",0.48936170212766
"326990",0.48936170212766
"168387",0.489208633093525
"154497",0.489130434782609
"507462",0.489051094890511
"161437",0.488721804511278
"150176",0.488636363636364
"298531",0.488372093023256
"172039",0.488095238095238
"137990",0.487951807228916
"317751",0.4875
"177411",0.487179487179487
"176522",0.487179487179487
"178178",0.487179487179487
"169286",0.487179487179487
"305534",0.487179487179487
"318266",0.486842105263158
"541246",0.486842105263158
"162504",0.486666666666667
"302436",0.486486486486487
"510014",0.486486486486487
"672172",0.486486486486487
"293712",0.486301369863014
"178620",0.48582995951417
"141698",0.485714285714286
"154989",0.485714285714286
"303063",0.485714285714286
"169114",0.485714285714286
"364829",0.485714285714286
"295119",0.485714285714286
"453232",0.485714285714286
"432218",0.485714285714286
"553612",0.485714285714286
"540906",0.485436893203884
"159209",0.485148514851485
"303981",0.484848484848485
"344221",0.484848484848485
"566895",0.484848484848485
"605477",0.484848484848485
"507380",0.484848484848485
"565356",0.484848484848485
"344314",0.484615384615385
"400906",0.484536082474227
"183873",0.484276729559748
"188424",0.483870967741935
"439689",0.483870967741935
"793460",0.483870967741935
"795731",0.483870967741935
"793722",0.483870967741935
"777370",0.483870967741935
"729086",0.483870967741935
"345210",0.483606557377049
"320263",0.483050847457627
"160466",0.482758620689655
"178373",0.482758620689655
"180732",0.482758620689655
"293325",0.482758620689655
"500506",0.482758620689655
"344841",0.482758620689655
"169938",0.482587064676617
"379386",0.482517482517482
"377476",0.482456140350877
"292942",0.482233502538071
"509608",0.482142857142857
"705188",0.482142857142857
"310373",0.481751824817518
"164621",0.481481481481481
"180838",0.481481481481481
"170571",0.481481481481481
"300744",0.481481481481481
"462355",0.481481481481481
"506641",0.481481481481481
"314059",0.481203007518797
"157264",0.48068669527897
"170812",0.480662983425414
"185679",0.480519480519481
"185301",0.480519480519481
"320111",0.480446927374302
"166649",0.480314960629921
"167201",0.480314960629921
"173602",0.48
"402405",0.48
"177998",0.48
"318165",0.48
"422352",0.48
"311033",0.48
"729404",0.48
"171745",0.479452054794521
"523841",0.479452054794521
"177050",0.479365079365079
"334559",0.479166666666667
"350018",0.47887323943662
"177010",0.478723404255319
"309438",0.478723404255319
"302795",0.478632478632479
"292132",0.478468899521531
"188398",0.478260869565217
"300140",0.478260869565217
"323637",0.478260869565217
"178222",0.478260869565217
"322642",0.478260869565217
"330720",0.478260869565217
"367216",0.478260869565217
"389378",0.478260869565217
"398805",0.478260869565217
"521990",0.478260869565217
"500272",0.478260869565217
"749665",0.478260869565217
"522890",0.478260869565217
"177931",0.47787610619469
"300856",0.477611940298507
"307616",0.477611940298507
"313780",0.47752808988764
"307840",0.47741935483871
"409960",0.477157360406091
"440499",0.476923076923077
"417861",0.476923076923077
"311336",0.47682119205298
"123816",0.476744186046512
"310733",0.4765625
"156351",0.476190476190476
"179880",0.476190476190476
"177042",0.476190476190476
"292282",0.476190476190476
"141840",0.476190476190476
"187597",0.476190476190476
"303187",0.476190476190476
"422469",0.476190476190476
"376405",0.476190476190476
"456006",0.476190476190476
"395014",0.476190476190476
"548252",0.476190476190476
"633579",0.476190476190476
"367123",0.476190476190476
"445822",0.476190476190476
"803466",0.476190476190476
"294769",0.475770925110132
"380745",0.475728155339806
"183755",0.475247524752475
"141880",0.475
"172714",0.475
"526885",0.475
"305959",0.475
"677535",0.475
"749391",0.475
"308348",0.474789915966387
"568013",0.474747474747475
"153924",0.474576271186441
"523349",0.474576271186441
"166603",0.474358974358974
"316223",0.474358974358974
"370756",0.474358974358974
"427806",0.474358974358974
"373768",0.473684210526316
"369161",0.473684210526316
"447783",0.473684210526316
"507274",0.473684210526316
"327755",0.473684210526316
"749185",0.473684210526316
"166276",0.473389355742297
"185444",0.473170731707317
"304071",0.473118279569892
"161301",0.472972972972973
"354201",0.472972972972973
"165524",0.472727272727273
"160379",0.472727272727273
"391953",0.472727272727273
"298485",0.472727272727273
"431101",0.472727272727273
"165925",0.472527472527473
"150799",0.472222222222222
"166258",0.472222222222222
"176512",0.472222222222222
"292526",0.472222222222222
"178096",0.472222222222222
"191609",0.472222222222222
"338237",0.472222222222222
"401839",0.47196261682243
"511021",0.471698113207547
"294484",0.471428571428571
"295957",0.471428571428571
"445840",0.471264367816092
"167600",0.471153846153846
"295418",0.471153846153846
"310950",0.471074380165289
"155855",0.470588235294118
"294363",0.470588235294118
"299067",0.470588235294118
"160789",0.470588235294118
"175503",0.470588235294118
"367343",0.470588235294118
"296748",0.470588235294118
"444079",0.470588235294118
"307097",0.470588235294118
"428672",0.470588235294118
"616284",0.470588235294118
"326613",0.470588235294118
"388063",0.470588235294118
"606130",0.470588235294118
"824538",0.470588235294118
"178361",0.470319634703196
"330886",0.470319634703196
"379065",0.47027027027027
"353568",0.470238095238095
"179395",0.46969696969697
"291651",0.46969696969697
"319635",0.469387755102041
"180546",0.469135802469136
"145923",0.469026548672566
"165836",0.468965517241379
"168351",0.46875
"165064",0.46875
"305764",0.46875
"187540",0.46875
"612310",0.46875
"313426",0.468085106382979
"293420",0.467889908256881
"552144",0.467741935483871
"175557",0.467592592592593
"406246",0.467532467532468
"381047",0.467289719626168
"137972",0.466666666666667
"175726",0.466666666666667
"166943",0.466666666666667
"181437",0.466666666666667
"175323",0.466666666666667
"330972",0.466666666666667
"181262",0.466666666666667
"309265",0.466666666666667
"308880",0.466666666666667
"335012",0.466666666666667
"184801",0.466666666666667
"296337",0.466666666666667
"355675",0.466666666666667
"382612",0.466666666666667
"424455",0.466666666666667
"348895",0.466666666666667
"428406",0.466666666666667
"450596",0.466666666666667
"581048",0.466666666666667
"750897",0.466666666666667
"351749",0.466666666666667
"582687",0.466666666666667
"565572",0.466666666666667
"697315",0.466666666666667
"815100",0.466666666666667
"402719",0.466216216216216
"339266",0.466165413533835
"302136",0.46551724137931
"307277",0.46551724137931
"567529",0.46551724137931
"451607",0.465408805031447
"166647",0.465346534653465
"190286",0.465116279069767
"434301",0.465116279069767
"305976",0.464788732394366
"691641",0.464788732394366
"184455",0.46448087431694
"159521",0.464285714285714
"162757",0.464285714285714
"322321",0.464285714285714
"337840",0.464285714285714
"510781",0.464285714285714
"592044",0.464285714285714
"598709",0.464285714285714
"303718",0.464135021097046
"308275",0.463917525773196
"169890",0.463414634146341
"311087",0.463414634146341
"330386",0.463414634146341
"567913",0.463414634146341
"658410",0.463414634146341
"188260",0.463157894736842
"178472",0.462962962962963
"332318",0.462732919254658
"184845",0.462686567164179
"374303",0.462686567164179
"404816",0.462264150943396
"176390",0.461847389558233
"133769",0.461538461538462
"150591",0.461538461538462
"167723",0.461538461538462
"334881",0.461538461538462
"296075",0.461538461538462
"370997",0.461538461538462
"321556",0.461538461538462
"293501",0.461538461538462
"363313",0.461538461538462
"434289",0.461538461538462
"547837",0.461538461538462
"434877",0.461538461538462
"580808",0.461538461538462
"532800",0.461538461538462
"406946",0.461538461538462
"692978",0.461538461538462
"595734",0.461538461538462
"171406",0.4609375
"292833",0.4609375
"156447",0.460674157303371
"321636",0.460674157303371
"162907",0.46039603960396
"457323",0.46031746031746
"700851",0.46
"706084",0.46
"306270",0.459821428571429
"533963",0.459459459459459
"523897",0.459459459459459
"329952",0.459183673469388
"318481",0.459016393442623
"337363",0.458823529411765
"178005",0.458333333333333
"308333",0.458333333333333
"363149",0.458333333333333
"502230",0.458333333333333
"533689",0.458333333333333
"555278",0.458333333333333
"582161",0.458333333333333
"311988",0.457831325301205
"378268",0.457831325301205
"540157",0.457831325301205
"337826",0.457627118644068
"511533",0.457516339869281
"422351",0.457446808510638
"342224",0.457142857142857
"658877",0.457142857142857
"162248",0.456834532374101
"169835",0.456521739130435
"291939",0.456521739130435
"169990",0.456521739130435
"459696",0.456521739130435
"364085",0.456521739130435
"389361",0.456521739130435
"178854",0.456273764258555
"506499",0.456140350877193
"318254",0.456140350877193
"438556",0.456140350877193
"435315",0.455882352941176
"364054",0.455696202531646
"185974",0.455555555555556
"421138",0.455555555555556
"163254",0.455445544554455
"139659",0.454545454545455
"152954",0.454545454545455
"172038",0.454545454545455
"155516",0.454545454545455
"162004",0.454545454545455
"313474",0.454545454545455
"315834",0.454545454545455
"185304",0.454545454545455
"183902",0.454545454545455
"335479",0.454545454545455
"298438",0.454545454545455
"464293",0.454545454545455
"381689",0.454545454545455
"555122",0.454545454545455
"527550",0.454545454545455
"647839",0.454545454545455
"527941",0.454545454545455
"613494",0.454545454545455
"633125",0.454545454545455
"651251",0.454545454545455
"446763",0.454545454545455
"801082",0.454545454545455
"824857",0.454545454545455
"303716",0.45398773006135
"554820",0.453488372093023
"430588",0.453271028037383
"633571",0.453237410071942
"303766",0.453125
"440063",0.453125
"303542",0.452631578947368
"413857",0.452554744525547
"165924",0.452380952380952
"322852",0.452380952380952
"352528",0.452380952380952
"516798",0.452380952380952
"567555",0.452261306532663
"306852",0.452173913043478
"153229",0.452054794520548
"107639",0.451612903225806
"547222",0.451612903225806
"359362",0.451612903225806
"387150",0.451612903225806
"459474",0.451612903225806
"352645",0.451612903225806
"442146",0.451612903225806
"137982",0.451219512195122
"291866",0.450819672131148
"308316",0.450704225352113
"186467",0.450549450549451
"154127",0.45
"165094",0.45
"187787",0.45
"345109",0.45
"161610",0.45
"311507",0.45
"310722",0.45
"316763",0.45
"381926",0.45
"565578",0.45
"184507",0.45
"366405",0.45
"541503",0.45
"820851",0.45
"756803",0.45
"307406",0.449438202247191
"410547",0.449438202247191
"611634",0.449438202247191
"540839",0.449367088607595
"158402",0.449275362318841
"502001",0.449275362318841
"407095",0.449275362318841
"563898",0.448979591836735
"315585",0.448559670781893
"179103",0.448275862068966
"378851",0.448275862068966
"526090",0.448275862068966
"756392",0.448275862068966
"753325",0.448275862068966
"501063",0.447916666666667
"189708",0.447761194029851
"295557",0.447619047619048
"178827",0.447619047619048
"324030",0.447368421052632
"154179",0.447058823529412
"163056",0.446808510638298
"543767",0.446808510638298
"438212",0.446428571428571
"403112",0.445859872611465
"695547",0.445454545454545
"146539",0.444444444444444
"132142",0.444444444444444
"178095",0.444444444444444
"144746",0.444444444444444
"163814",0.444444444444444
"291380",0.444444444444444
"321561",0.444444444444444
"346131",0.444444444444444
"148961",0.444444444444444
"177469",0.444444444444444
"187458",0.444444444444444
"171685",0.444444444444444
"166370",0.444444444444444
"307605",0.444444444444444
"293593",0.444444444444444
"336401",0.444444444444444
"409125",0.444444444444444
"178887",0.444444444444444
"298402",0.444444444444444
"295087",0.444444444444444
"535449",0.444444444444444
"369136",0.444444444444444
"307185",0.444444444444444
"536592",0.444444444444444
"551217",0.444444444444444
"327891",0.444444444444444
"336063",0.444444444444444
"435371",0.444444444444444
"416790",0.444444444444444
"544730",0.444444444444444
"567000",0.444444444444444
"725558",0.444444444444444
"335249",0.444444444444444
"658643",0.444444444444444
"340890",0.444444444444444
"350365",0.444444444444444
"541170",0.444444444444444
"441575",0.444444444444444
"431983",0.444444444444444
"795201",0.444444444444444
"794757",0.444444444444444
"694293",0.444444444444444
"773043",0.444444444444444
"749220",0.444444444444444
"793801",0.444444444444444
"691310",0.444444444444444
"512119",0.443037974683544
"381149",0.442748091603053
"360467",0.442622950819672
"419646",0.442424242424242
"542337",0.442307692307692
"405698",0.442307692307692
"359696",0.442176870748299
"337017",0.441860465116279
"445292",0.441860465116279
"706429",0.441860465116279
"319512",0.441176470588235
"550777",0.441176470588235
"185126",0.440677966101695
"542491",0.440677966101695
"420409",0.44047619047619
"326622",0.440366972477064
"150986",0.440251572327044
"129598",0.44
"418697",0.44
"599514",0.44
"392224",0.43956043956044
"335599",0.439393939393939
"140653",0.439024390243902
"183853",0.439024390243902
"360293",0.439024390243902
"521939",0.439024390243902
"633626",0.439024390243902
"543163",0.43859649122807
"308149",0.43859649122807
"137340",0.438202247191011
"541268",0.43801652892562
"155508",0.437810945273632
"169747",0.4375
"162945",0.4375
"155389",0.4375
"317037",0.4375
"292966",0.4375
"308877",0.4375
"337172",0.4375
"315979",0.4375
"433565",0.4375
"435217",0.4375
"543703",0.4375
"346890",0.4375
"559670",0.4375
"410105",0.4375
"612038",0.4375
"793746",0.4375
"565315",0.4375
"518820",0.4375
"646420",0.4375
"732949",0.4375
"823241",0.4375
"144059",0.436619718309859
"147224",0.436363636363636
"173277",0.436363636363636
"387971",0.436363636363636
"525042",0.436363636363636
"181106",0.435897435897436
"295214",0.435897435897436
"305521",0.435897435897436
"407683",0.435897435897436
"460340",0.435897435897436
"384823",0.43558282208589
"169529",0.435294117647059
"344934",0.435185185185185
"136674",0.434782608695652
"299156",0.434782608695652
"321898",0.434782608695652
"317454",0.434782608695652
"326727",0.434782608695652
"435961",0.434782608695652
"335379",0.434782608695652
"611036",0.434782608695652
"567173",0.434782608695652
"541197",0.434782608695652
"628499",0.434782608695652
"544799",0.434782608695652
"700808",0.434782608695652
"405713",0.43448275862069
"341763",0.434210526315789
"305876",0.434210526315789
"441979",0.434210526315789
"527028",0.433962264150943
"430638",0.433734939759036
"291584",0.433333333333333
"352508",0.433333333333333
"464320",0.433333333333333
"375729",0.433333333333333
"464051",0.433333333333333
"307753",0.433333333333333
"510415",0.433333333333333
"302768",0.432835820895522
"156079",0.432432432432432
"372370",0.431372549019608
"298793",0.430769230769231
"304239",0.430555555555556
"175878",0.430232558139535
"170255",0.429487179487179
"166274",0.428571428571429
"122714",0.428571428571429
"169978",0.428571428571429
"178750",0.428571428571429
"177354",0.428571428571429
"162754",0.428571428571429
"159371",0.428571428571429
"176196",0.428571428571429
"180826",0.428571428571429
"298636",0.428571428571429
"172288",0.428571428571429
"316754",0.428571428571429
"362877",0.428571428571429
"175011",0.428571428571429
"300791",0.428571428571429
"307076",0.428571428571429
"170698",0.428571428571429
"308774",0.428571428571429
"184798",0.428571428571429
"304035",0.428571428571429
"319981",0.428571428571429
"296811",0.428571428571429
"307296",0.428571428571429
"347998",0.428571428571429
"436395",0.428571428571429
"337245",0.428571428571429
"330966",0.428571428571429
"353826",0.428571428571429
"356106",0.428571428571429
"407776",0.428571428571429
"405246",0.428571428571429
"356726",0.428571428571429
"554334",0.428571428571429
"406638",0.428571428571429
"353798",0.428571428571429
"351040",0.428571428571429
"463458",0.428571428571429
"515849",0.428571428571429
"581520",0.428571428571429
"387255",0.428571428571429
"360465",0.428571428571429
"305917",0.428571428571429
"541921",0.428571428571429
"541499",0.428571428571429
"524246",0.428571428571429
"413031",0.428571428571429
"568563",0.428571428571429
"622485",0.428571428571429
"567420",0.428571428571429
"553445",0.428571428571429
"416803",0.428571428571429
"516214",0.428571428571429
"703937",0.428571428571429
"599954",0.428571428571429
"531317",0.428571428571429
"348429",0.428571428571429
"420636",0.428571428571429
"703174",0.428571428571429
"600281",0.428571428571429
"394353",0.428571428571429
"565701",0.428571428571429
"818504",0.428571428571429
"541608",0.428571428571429
"631965",0.428571428571429
"583991",0.428571428571429
"531707",0.428571428571429
"536751",0.428571428571429
"706467",0.428571428571429
"376786",0.427631578947368
"169888",0.427480916030534
"312048",0.427083333333333
"554626",0.426470588235294
"153189",0.426229508196721
"313001",0.426229508196721
"307680",0.426229508196721
"522146",0.426229508196721
"185680",0.425925925925926
"354909",0.425925925925926
"321829",0.425339366515837
"173742",0.425
"302196",0.425
"423003",0.425
"633271",0.425
"535421",0.424778761061947
"291797",0.424242424242424
"318115",0.424242424242424
"533140",0.424242424242424
"773040",0.424242424242424
"793192",0.424242424242424
"432222",0.423913043478261
"170114",0.423076923076923
"305555",0.423076923076923
"180179",0.423076923076923
"385744",0.423076923076923
"446399",0.422764227642276
"355418",0.422222222222222
"346294",0.422222222222222
"520940",0.422222222222222
"371170",0.421875
"155026",0.421052631578947
"143829",0.421052631578947
"153784",0.421052631578947
"145183",0.421052631578947
"308190",0.421052631578947
"180632",0.421052631578947
"460562",0.421052631578947
"419387",0.421052631578947
"642208",0.421052631578947
"815502",0.421052631578947
"732181",0.421052631578947
"639064",0.421052631578947
"169945",0.42
"295276",0.419354838709677
"631623",0.419354838709677
"516781",0.418918918918919
"178303",0.41875
"179098",0.418604651162791
"583022",0.418604651162791
"523883",0.418604651162791
"554728",0.418367346938776
"339209",0.418181818181818
"173538",0.417910447761194
"437531",0.417910447761194
"725766",0.417910447761194
"188453",0.417582417582418
"399713",0.41726618705036
"299778",0.416666666666667
"145180",0.416666666666667
"183724",0.416666666666667
"181681",0.416666666666667
"172142",0.416666666666667
"176368",0.416666666666667
"349707",0.416666666666667
"437115",0.416666666666667
"364057",0.416666666666667
"353107",0.416666666666667
"179229",0.416666666666667
"420566",0.416666666666667
"336900",0.416666666666667
"541292",0.416666666666667
"519236",0.416666666666667
"540989",0.416666666666667
"393549",0.416666666666667
"712012",0.416666666666667
"464258",0.415929203539823
"179288",0.415584415584416
"168939",0.415584415584416
"164170",0.415384615384615
"646474",0.415384615384615
"333318",0.415094339622642
"385658",0.415094339622642
"393868",0.414634146341463
"717679",0.414634146341463
"186142",0.414414414414414
"320593",0.414141414141414
"457303",0.414141414141414
"178723",0.413793103448276
"463120",0.413793103448276
"518992",0.413793103448276
"314287",0.413333333333333
"168926",0.413333333333333
"376228",0.41304347826087
"387808",0.412844036697248
"336119",0.4125
"459582",0.4125
"153030",0.411764705882353
"137322",0.411764705882353
"169728",0.411764705882353
"150547",0.411764705882353
"297414",0.411764705882353
"304832",0.411764705882353
"317706",0.411764705882353
"298995",0.411764705882353
"551311",0.411764705882353
"443663",0.411764705882353
"646214",0.411764705882353
"441065",0.411764705882353
"363566",0.411764705882353
"518590",0.411764705882353
"330015",0.410526315789474
"177853",0.41025641025641
"776923",0.41025641025641
"779735",0.41025641025641
"177753",0.409090909090909
"291786",0.409090909090909
"298361",0.409090909090909
"293359",0.409090909090909
"521982",0.409090909090909
"306146",0.408333333333333
"180842",0.408163265306122
"610109",0.408163265306122
"166253",0.407407407407407
"159716",0.407407407407407
"307512",0.407407407407407
"361347",0.407407407407407
"537549",0.407407407407407
"646663",0.407407407407407
"695696",0.406976744186047
"333975",0.406542056074766
"172279",0.40625
"328949",0.40625
"793749",0.40625
"348196",0.40625
"308965",0.405660377358491
"612641",0.405405405405405
"555438",0.405405405405405
"538649",0.40506329113924
"171815",0.404761904761905
"175390",0.404255319148936
"350453",0.404255319148936
"299840",0.404109589041096
"409030",0.403508771929825
"159684",0.400990099009901
"152785",0.4
"128373",0.4
"130978",0.4
"165775",0.4
"191618",0.4
"302792",0.4
"178404",0.4
"306786",0.4
"172685",0.4
"302451",0.4
"307405",0.4
"174167",0.4
"322785",0.4
"334510",0.4
"352000",0.4
"161194",0.4
"335109",0.4
"291274",0.4
"337271",0.4
"355752",0.4
"399087",0.4
"458006",0.4
"463995",0.4
"350716",0.4
"440379",0.4
"184904",0.4
"365355",0.4
"389256",0.4
"420688",0.4
"433799",0.4
"292500",0.4
"318673",0.4
"384126",0.4
"354104",0.4
"581989",0.4
"539977",0.4
"447207",0.4
"793569",0.4
"380325",0.4
"373438",0.4
"374077",0.4
"582628",0.4
"419995",0.4
"460188",0.4
"595801",0.4
"541227",0.4
"693058",0.4
"393447",0.4
"598606",0.4
"612527",0.4
"419292",0.4
"595881",0.4
"526627",0.4
"727484",0.4
"757833",0.4
"540237",0.4
"793589",0.4
"723989",0.4
"756916",0.4
"309431",0.398989898989899
"291617",0.396825396825397
"452746",0.39622641509434
"363480",0.39622641509434
"163514",0.395833333333333
"184041",0.395833333333333
"443517",0.395348837209302
"337713",0.394904458598726
"172361",0.394736842105263
"292179",0.394736842105263
"135288",0.393939393939394
"138056",0.393939393939394
"316632",0.393939393939394
"313767",0.393939393939394
"421523",0.393939393939394
"551741",0.393939393939394
"631527",0.393939393939394
"376217",0.39344262295082
"441844",0.393258426966292
"179934",0.392857142857143
"175588",0.392857142857143
"307645",0.392857142857143
"344228",0.392857142857143
"646471",0.392857142857143
"389228",0.392156862745098
"180789",0.391752577319588
"155955",0.391304347826087
"421180",0.391304347826087
"413248",0.390804597701149
"170061",0.390243902439024
"363886",0.390243902439024
"345333",0.390243902439024
"442105",0.390243902439024
"179773",0.388888888888889
"299676",0.388888888888889
"318957",0.388888888888889
"298911",0.388888888888889
"323843",0.388888888888889
"509064",0.388888888888889
"620423",0.388888888888889
"693089",0.388888888888889
"307018",0.387755102040816
"184216",0.387096774193548
"303436",0.387096774193548
"540268",0.385964912280702
"695297",0.385542168674699
"402095",0.385416666666667
"177743",0.384615384615385
"409664",0.384615384615385
"328350",0.384615384615385
"419374",0.384615384615385
"184597",0.384615384615385
"320196",0.384615384615385
"432421",0.384615384615385
"532045",0.384615384615385
"686457",0.384615384615385
"301823",0.382978723404255
"601171",0.382716049382716
"130594",0.380952380952381
"387432",0.380952380952381
"352677",0.380952380952381
"376458",0.380952380952381
"542125",0.380952380952381
"459666",0.380952380952381
"419908",0.380952380952381
"818807",0.380952380952381
"675498",0.380952380952381
"528144",0.379310344827586
"530965",0.379310344827586
"334457",0.378947368421053
"524341",0.377777777777778
"311439",0.377049180327869
"136730",0.375
"123208",0.375
"132420",0.375
"165075",0.375
"177745",0.375
"175719",0.375
"156445",0.375
"161518",0.375
"374917",0.375
"310802",0.375
"188643",0.375
"177357",0.375
"295317",0.375
"350158",0.375
"177094",0.375
"182684",0.375
"331033",0.375
"172933",0.375
"305961",0.375
"362659",0.375
"307976",0.375
"367372",0.375
"459004",0.375
"418809",0.375
"401045",0.375
"387944",0.375
"523351",0.375
"513348",0.375
"376828",0.375
"360517",0.375
"443894",0.375
"427004",0.375
"520331",0.375
"606823",0.375
"586745",0.375
"631810",0.375
"593158",0.375
"533672",0.375
"632158",0.375
"511641",0.375
"175720",0.373626373626374
"297781",0.373134328358209
"315043",0.372093023255814
"370695",0.372093023255814
"170427",0.371428571428571
"173948",0.371428571428571
"316737",0.371428571428571
"779527",0.371428571428571
"133023",0.37037037037037
"672682",0.37037037037037
"169902",0.369565217391304
"524403",0.369230769230769
"165709",0.368421052631579
"175130",0.368421052631579
"396317",0.368421052631579
"338506",0.368421052631579
"529019",0.368421052631579
"533669",0.368421052631579
"671013",0.368421052631579
"817159",0.368421052631579
"344704",0.366666666666667
"750089",0.366666666666667
"327667",0.366197183098592
"159912",0.363636363636364
"356403",0.363636363636364
"162466",0.363636363636364
"307774",0.363636363636364
"505714",0.363636363636364
"190306",0.363636363636364
"340891",0.363636363636364
"466025",0.363636363636364
"551154",0.363636363636364
"674695",0.363636363636364
"815691",0.363636363636364
"338849",0.3625
"392650",0.36
"409084",0.36
"547882",0.36
"383537",0.358974358974359
"405543",0.358208955223881
"324513",0.357142857142857
"310842",0.357142857142857
"305811",0.357142857142857
"184524",0.357142857142857
"365361",0.357142857142857
"419436",0.357142857142857
"459496",0.357142857142857
"642656",0.357142857142857
"776518",0.357142857142857
"441070",0.355932203389831
"172303",0.352941176470588
"349619",0.352941176470588
"415008",0.352941176470588
"439733",0.352941176470588
"517179",0.352941176470588
"539206",0.352941176470588
"445819",0.352941176470588
"772443",0.352941176470588
"502361",0.352112676056338
"345933",0.351351351351351
"172367",0.35
"176738",0.35
"521065",0.35
"159997",0.348837209302326
"188660",0.347826086956522
"175747",0.347826086956522
"605374",0.347826086956522
"617662",0.347826086956522
"144360",0.346153846153846
"383559",0.346153846153846
"401025",0.346153846153846
"528676",0.346153846153846
"354923",0.344827586206897
"339594",0.344827586206897
"328312",0.344262295081967
"291626",0.34375
"605568",0.34375
"405061",0.343434343434343
"162905",0.343283582089552
"328812",0.339622641509434
"144094",0.339285714285714
"165096",0.333333333333333
"167716",0.333333333333333
"177948",0.333333333333333
"311316",0.333333333333333
"190009",0.333333333333333
"166495",0.333333333333333
"178891",0.333333333333333
"292608",0.333333333333333
"156048",0.333333333333333
"156140",0.333333333333333
"304325",0.333333333333333
"322801",0.333333333333333
"179697",0.333333333333333
"501573",0.333333333333333
"383906",0.333333333333333
"351794",0.333333333333333
"331532",0.333333333333333
"159247",0.333333333333333
"181254",0.333333333333333
"178392",0.333333333333333
"325581",0.333333333333333
"298282",0.333333333333333
"540809",0.333333333333333
"306025",0.333333333333333
"292976",0.333333333333333
"348248",0.333333333333333
"305393",0.333333333333333
"298873",0.333333333333333
"306619",0.333333333333333
"337270",0.333333333333333
"337274",0.333333333333333
"512737",0.333333333333333
"318837",0.333333333333333
"307602",0.333333333333333
"296573",0.333333333333333
"301089",0.333333333333333
"306788",0.333333333333333
"501375",0.333333333333333
"355730",0.333333333333333
"180790",0.333333333333333
"320592",0.333333333333333
"308445",0.333333333333333
"321012",0.333333333333333
"356056",0.333333333333333
"443362",0.333333333333333
"406610",0.333333333333333
"430639",0.333333333333333
"189556",0.333333333333333
"314382",0.333333333333333
"190258",0.333333333333333
"308607",0.333333333333333
"334505",0.333333333333333
"377434",0.333333333333333
"311099",0.333333333333333
"347221",0.333333333333333
"299849",0.333333333333333
"424600",0.333333333333333
"543481",0.333333333333333
"544796",0.333333333333333
"463428",0.333333333333333
"438977",0.333333333333333
"553452",0.333333333333333
"567402",0.333333333333333
"311020",0.333333333333333
"314464",0.333333333333333
"304433",0.333333333333333
"364100",0.333333333333333
"502779",0.333333333333333
"540238",0.333333333333333
"369198",0.333333333333333
"318843",0.333333333333333
"452314",0.333333333333333
"514810",0.333333333333333
"354419",0.333333333333333
"409509",0.333333333333333
"648913",0.333333333333333
"502079",0.333333333333333
"613263",0.333333333333333
"355297",0.333333333333333
"454221",0.333333333333333
"565547",0.333333333333333
"431945",0.333333333333333
"583949",0.333333333333333
"593415",0.333333333333333
"317567",0.333333333333333
"459532",0.333333333333333
"548622",0.333333333333333
"611318",0.333333333333333
"694430",0.333333333333333
"612929",0.333333333333333
"579599",0.333333333333333
"648395",0.333333333333333
"612415",0.333333333333333
"639870",0.333333333333333
"706047",0.333333333333333
"772282",0.333333333333333
"751016",0.333333333333333
"822542",0.333333333333333
"782138",0.333333333333333
"796594",0.333333333333333
"826932",0.333333333333333
"827576",0.333333333333333
"343917",0.333333333333333
"527331",0.333333333333333
"315653",0.333333333333333
"646612",0.333333333333333
"714444",0.325581395348837
"403342",0.323529411764706
"773820",0.321428571428571
"189739",0.32
"630598",0.32
"188110",0.319148936170213
"176640",0.318181818181818
"336907",0.318181818181818
"507272",0.318181818181818
"293087",0.317647058823529
"510110",0.317073170731707
"426024",0.315789473684211
"564118",0.315789473684211
"524493",0.315789473684211
"704417",0.315789473684211
"336531",0.3125
"413041",0.3125
"545392",0.3125
"432201",0.310344827586207
"292253",0.30952380952381
"323184",0.307692307692308
"292789",0.307692307692308
"375896",0.307692307692308
"307432",0.307692307692308
"463153",0.307692307692308
"553997",0.307692307692308
"629792",0.307692307692308
"775434",0.307692307692308
"170178",0.3
"180884",0.3
"313029",0.3
"409168",0.3
"610886",0.3
"502791",0.3
"816086",0.3
"701108",0.3
"340169",0.297872340425532
"168608",0.294117647058824
"451258",0.294117647058824
"650375",0.294117647058824
"457375",0.291666666666667
"170563",0.290322580645161
"126313",0.285714285714286
"121283",0.285714285714286
"335954",0.285714285714286
"319888",0.285714285714286
"357487",0.285714285714286
"184931",0.285714285714286
"186128",0.285714285714286
"175300",0.285714285714286
"181281",0.285714285714286
"312572",0.285714285714286
"411295",0.285714285714286
"332261",0.285714285714286
"312228",0.285714285714286
"427774",0.285714285714286
"533772",0.285714285714286
"550505",0.285714285714286
"610578",0.285714285714286
"372444",0.285714285714286
"595995",0.285714285714286
"316686",0.285714285714286
"533671",0.285714285714286
"749416",0.285714285714286
"819241",0.285714285714286
"182466",0.28125
"530656",0.28
"700591",0.28
"344517",0.277777777777778
"297336",0.277777777777778
"404399",0.277777777777778
"413816",0.277777777777778
"526236",0.277777777777778
"552216",0.272727272727273
"532559",0.272727272727273
"626986",0.272727272727273
"521915",0.272727272727273
"595888",0.272727272727273
"581594",0.272727272727273
"464173",0.269230769230769
"815809",0.266666666666667
"190417",0.263157894736842
"402537",0.263157894736842
"526715",0.263157894736842
"329055",0.259259259259259
"177092",0.25
"160610",0.25
"164498",0.25
"292237",0.25
"440763",0.25
"190424",0.25
"312907",0.25
"439029",0.25
"180866",0.25
"302560",0.25
"553871",0.25
"408877",0.25
"551536",0.25
"541220",0.25
"324257",0.25
"518380",0.25
"541008",0.25
"329591",0.25
"335704",0.25
"357971",0.25
"379565",0.25
"435809",0.25
"324122",0.25
"332277",0.25
"410510",0.25
"402852",0.25
"459799",0.25
"534596",0.25
"302667",0.25
"417467",0.25
"465659",0.25
"446467",0.25
"541416",0.25
"686238",0.25
"523059",0.25
"514016",0.25
"802130",0.25
"825297",0.25
"565313",0.238095238095238
"189920",0.235294117647059
"447258",0.235294117647059
"692836",0.230769230769231
"169374",0.227272727272727
"527542",0.222222222222222
"544673",0.222222222222222
"447682",0.222222222222222
"424585",0.222222222222222
"686468",0.222222222222222
"695304",0.222222222222222
"459473",0.222222222222222
"778186",0.222222222222222
"338751",0.214285714285714
"180218",0.2
"171339",0.2
"172920",0.2
"317052",0.2
"308869",0.2
"306156",0.2
"523801",0.2
"525643",0.2
"321847",0.2
"466716",0.2
"335870",0.2
"439179",0.2
"413279",0.2
"819091",0.2
"329581",0.2
"364493",0.2
"749110",0.2
"779951",0.2
"144035",0.181818181818182
"376801",0.181818181818182
"376566",0.181818181818182
"140911",0.166666666666667
"328820",0.166666666666667
"440391",0.166666666666667
"305721",0.166666666666667
"296302",0.166666666666667
"610404",0.166666666666667
"568151",0.166666666666667
"826686",0.166666666666667
"732972",0.166666666666667
"165059",0.142857142857143
"164070",0.142857142857143
"519381",0.142857142857143
"556815",0.142857142857143
"401315",0.142857142857143
"551375",0.142857142857143
"445902",0.142857142857143
"439475",0.111111111111111
"629084",0.111111111111111
"550098",0.1
"532986",0.0909090909090909
"331869",0.0833333333333333
"670174",0.0833333333333333
"146526",0
"137798",0
"168281",0
"159632",0
"309585",0
"177585",0
"184332",0
"142887",0
"152154",0
"149502",0
"176615",0
"351971",0
"157287",0
"292672",0
"308283",0
"172112",0
"309332",0
"311089",0
"313025",0
"165657",0
"174365",0
"336361",0
"188595",0
"388312",0
"364905",0
"298941",0
"329349",0
"539582",0
"295383",0
"318095",0
"316384",0
"330667",0
"432216",0
"527541",0
"459007",0
"460066",0
"456741",0
"441662",0
"526646",0
"292791",0
"307574",0
"327288",0
"291295",0
"522615",0
"384617",0
"410715",0
"432206",0
"514089",0
"502946",0
"420364",0
"699508",0
"308305",0
"316480",0
"333705",0
"303388",0
"394327",0
"365738",0
"463092",0
"502057",0
"507437",0
"529339",0
"563757",0
"611858",0
"609955",0
"292162",0
"300072",0
"298420",0
"329617",0
"349089",0
"359371",0
"323887",0
"360911",0
"432666",0
"375562",0
"363866",0
"511659",0
"511745",0
"457038",0
"617446",0
"460331",0
"650119",0
"445113",0
"379396",0
"364246",0
"506123",0
"310804",0
"387012",0
"359808",0
"324464",0
"427775",0
"374749",0
"565374",0
"508147",0
"402340",0
"410340",0
"515750",0
"566865",0
"623271",0
"460566",0
"641717",0
"609749",0
"655794",0
"618867",0
"370703",0
"392058",0
"332620",0
"356113",0
"369608",0
"459846",0
"354273",0
"344838",0
"521957",0
"537248",0
"374015",0
"554935",0
"565380",0
"515844",0
"523724",0
"508732",0
"653676",0
"536569",0
"621181",0
"551333",0
"694700",0
"702707",0
"605436",0
"568796",0
"591319",0
"682166",0
"608091",0
"610200",0
"716674",0
"749286",0
"628110",0
"139391",0
"171973",0
"148643",0
"169489",0
"159189",0
"321577",0
"190032",0
"303546",0
"536286",0
"313743",0
"402882",0
"184095",0
"358496",0
"296334",0
"322119",0
"318702",0
"172168",0
"328974",0
"401167",0
"432190",0
"548055",0
"521903",0
"305415",0
"188482",0
"345240",0
"540276",0
"546683",0
"529923",0
"528675",0
"318943",0
"330336",0
"554372",0
"466733",0
"404239",0
"450056",0
"540294",0
"422022",0
"466246",0
"542580",0
"556082",0
"591658",0
"582820",0
"610706",0
"380626",0
"424131",0
"419498",0
"588246",0
"529523",0
"386746",0
"335875",0
"370369",0
"335286",0
"378543",0
"331756",0
"618670",0
"582600",0
"639459",0
"622570",0
"657735",0
"378583",0
"405390",0
"426457",0
"583312",0
"599081",0
"539934",0
"729096",0
"563780",0
"577362",0
"619325",NA
"633917",NA
"613097",NA
"697445",NA
